{
    "version": 2,
    "functions": {
        "api/index.php": { "runtime": "vercel-php@0.7.1" }
    },
    "routes": [
        {
            "src": "/(.*)",
            "dest": "/api/index.php"
        }
    ],
    "env": {
        "APP_NAME": "QuicsX",
        "APP_DEBUG": "true",
        "APP_URL": "https://quicsx.vercel.app",
        "APP_CONFIG_CACHE": "/tmp/config.php",
        "APP_EVENTS_CACHE": "/tmp/events.php",
        "APP_PACKAGES_CACHE": "/tmp/packages.php",
        "APP_ROUTES_CACHE": "/tmp/routes.php",
        "APP_SERVICES_CACHE": "/tmp/services.php",
        "CACHE_DRIVER": "array",
        "CACHE_STORE": "array",
        "LOG_CHANNEL": "stderr",
        "SESSION_DRIVER": "cookie",
        "VIEW_COMPILED_PATH": "/tmp"
    },
    "outputDirectory": "public",
    "builds": [
    {
      "src": "index.php",
      "use": "@vercel/php"
    }
  ]
}